date,ad_spend_eur,orders_total,orders_cancelled,orders_valid,revenue_eur,delivered,returned,blended_cpa_eur,mer,source,notes
2026-08-08,22.07,,,7,,,,3.15,,KPI рамка 30.09 (Meta разход + валидни поръчки Shopify),
2026-08-09,72.32,,,7,,,,10.33,,KPI рамка 30.09 (Meta разход + валидни поръчки Shopify),
2026-08-10,62.76,,,8,,,,7.84,,KPI рамка 30.09 (Meta разход + валидни поръчки Shopify),
2026-08-11,100.29,,,13,,,,7.71,,KPI рамка 30.09 (Meta разход + валидни поръчки Shopify),
2026-08-12,81.38,,,15,,,,5.43,,KPI рамка 30.09 (Meta разход + валидни поръчки Shopify),
2026-08-13,94.51,,,4,,,,23.63,,KPI рамка 30.09 (Meta разход + валидни поръчки Shopify),
2026-08-14,89.01,,,6,,,,14.84,,KPI рамка 30.09 (Meta разход + валидни поръчки Shopify),
2026-08-15,60.40,,,4,,,,15.10,,KPI рамка 30.09 (Meta разход + валидни поръчки Shopify),
2026-08-16,120.61,,,8,,,,15.08,,KPI рамка 30.09 (Meta разход + валидни поръчки Shopify),
2026-08-17,97.71,,,46,,,,2.12,,KPI рамка 30.09 (Meta разход + валидни поръчки Shopify),
2026-08-18,120.28,,,28,,,,4.30,,KPI рамка 30.09 (Meta разход + валидни поръчки Shopify),
2026-08-19,97.29,,,12,,,,8.11,,KPI рамка 30.09 (Meta разход + валидни поръчки Shopify),
2026-08-20,80.69,,,9,,,,8.97,,KPI рамка 30.09 (Meta разход + валидни поръчки Shopify),
2026-08-21,105.71,,,9,,,,11.75,,KPI рамка 30.09 (Meta разход + валидни поръчки Shopify),
2026-08-22,95.87,,,15,,,,6.39,,KPI рамка 30.09 (Meta разход + валидни поръчки Shopify),
2026-08-23,95.59,,,9,,,,10.62,,KPI рамка 30.09 (Meta разход + валидни поръчки Shopify),
2026-08-24,51.42,,,8,,,,6.43,,KPI рамка 30.09 (Meta разход + валидни поръчки Shopify),
2026-08-25,48.09,,,12,,,,4.01,,KPI рамка 30.09 (Meta разход + валидни поръчки Shopify),
2026-08-26,33.30,,,4,,,,8.32,,KPI рамка 30.09 (Meta разход + валидни поръчки Shopify),
2026-09-24,69.15,,,5,,,,13.83,,KPI рамка 30.09 (Meta разход + валидни поръчки Shopify),
2026-09-25,79.91,,,9,,,,8.88,,KPI рамка 30.09 (Meta разход + валидни поръчки Shopify),
2026-09-26,0.00,,,,,,,,,KPI рамка 30.09,рекламата не е въртяла
2026-09-27,60.71,,,10,,,,6.07,,KPI рамка 30.09 (Meta разход + валидни поръчки Shopify),
2026-09-28,47.80,,,10,,,,4.78,,KPI рамка 30.09 (Meta разход + валидни поръчки Shopify),
2026-09-29,45.35,,,9,,,,5.04,,KPI рамка 30.09 (Meta разход + валидни поръчки Shopify),
